{"params": {"p": 0.5, "s": 0.25}, "return": -0.014493417499999987, "time": "2026-02-23 04:26:57.811759"}