{
  "periods": [
    {
      "year": "2019",
      "return": 0.0
    },
    {
      "year": "2020",
      "return": 0.0
    },
    {
      "year": "2021",
      "return": -0.1394
    }
  ],
  "cagr": -0.048810354631042996,
  "weights": {
    "ret_20": 1.3306056814210088,
    "ret_60": 0.6673694830278372,
    "vol_20": -0.41664054613284374,
    "price_pos_20": 0.21154134117385093
  }
}