{
  "timestamp": "2026-02-26T18:14:16.549113",
  "best_params": {
    "weights": {
      "ret_20": 0.8,
      "vol_20": -1.0,
      "sharpe_like": 0.8
    },
    "rebal_days": 8
  },
  "best_score": 26.856385568878636,
  "cagr": 0.2685638556887864,
  "yearly": [
    -0.142232,
    0.876095
  ]
}