{
  "periods": [
    {
      "year": "2019",
      "return": 0.0
    },
    {
      "year": "2020",
      "return": 0.0
    },
    {
      "year": "2021",
      "return": -0.1394
    }
  ],
  "cagr": -0.048810354631042996,
  "weights": {
    "ret_20": 1.488931177413318,
    "ret_60": 0.6674398637230674,
    "vol_20": -0.46641282926178385,
    "price_pos_20": 0.3220980676944749
  }
}