{
  "timestamp": "2026-02-26T20:45:25.985064",
  "best_params": {
    "weights": {
      "ret_20": 1.0,
      "vol_20": -0.8,
      "sharpe_like": 0.8
    },
    "rebal_days": 8
  },
  "best_score": 23.23708293772617,
  "cagr": 0.23237082937726172,
  "yearly": [
    -0.096525,
    0.680996
  ]
}