{
  "periods": [
    {
      "year": "2019",
      "return": 0.0
    },
    {
      "year": "2020",
      "return": 0.0
    },
    {
      "year": "2021",
      "return": -0.1394
    }
  ],
  "cagr": -0.048810354631042996,
  "weights": {
    "ret_20": 0.6800503333764493,
    "ret_60": 0.9911447242922624,
    "vol_20": -0.3711152833718335,
    "price_pos_20": 0.33347090714431515
  }
}