{
  "timestamp": "2026-02-26T20:46:57.061346",
  "best_params": {
    "weights": {
      "ret_20": 1.0,
      "vol_20": -1.0,
      "sharpe_like": 0.6
    },
    "rebal_days": 8
  },
  "best_score": 26.285686451949108,
  "cagr": 0.2628568645194911,
  "yearly": [
    -0.117368,
    0.806877
  ]
}