{
  "timestamp": "2026-02-26T21:24:11.042563",
  "best_params": {
    "weights": {
      "ret_20": 0.8,
      "vol_20": -0.8,
      "sharpe_like": 0.4
    },
    "rebal_days": 8
  },
  "best_score": 22.88068090892075,
  "cagr": 0.22880680908920747,
  "yearly": [
    -0.106056,
    0.689106
  ]
}