{
  "periods": [
    {
      "year": "2019",
      "return": 0.0
    },
    {
      "year": "2020",
      "return": 0.0
    },
    {
      "year": "2021",
      "return": -0.1394
    }
  ],
  "cagr": -0.048810354631042996,
  "weights": {
    "ret_20": 0.9985582743582757,
    "ret_60": 0.9399763653013837,
    "vol_20": -0.4992213543767462,
    "price_pos_20": 0.27261554654827974
  }
}