{
  "timestamp": "2026-02-26T20:46:15.701981",
  "best_params": {
    "weights": {
      "ret_20": 1.0,
      "vol_20": -1.0,
      "sharpe_like": 0.8
    },
    "rebal_days": 8
  },
  "best_score": 24.77228941155163,
  "cagr": 0.2477228941155163,
  "yearly": [
    -0.073875,
    0.680996
  ]
}