{"yearly": [-0.06865613000000001, 0.11831654000000004, 0.016125449999999954, -0.01667823999999999], "avg": 0.012276905}