{
  "params": {
    "stop_loss": 0.08,
    "take_profit": 0.15
  },
  "results": [
    {
      "year": "2018",
      "return": -0.31980525,
      "actions": 139
    },
    {
      "year": "2019",
      "return": -0.18690162000000024,
      "actions": 385
    },
    {
      "year": "2020",
      "return": -0.00782486999999953,
      "actions": 398
    },
    {
      "year": "2021",
      "return": -0.10701145999999996,
      "actions": 474
    }
  ]
}