{
  "position": 0.7,
  "stop_loss": 0.2,
  "rebalance": 20,
  "factors": [
    "ret20",
    "ret60",
    "rel_strength",
    "vol_ratio"
  ],
  "yearly": [
    {
      "year": "2018",
      "return": -0.4644594900000001
    },
    {
      "year": "2019",
      "return": -0.09603315999999992
    },
    {
      "year": "2020",
      "return": 1.4002403699999997
    },
    {
      "year": "2021",
      "return": 0.17452182000000008
    }
  ],
  "avg": 0.2535673849999999
}