{
  "position": 0.7,
  "stop_loss": 0.2,
  "rebalance": 20,
  "yearly": [
    -0.7621256999999999,
    -0.20130386999999977,
    1.9390803699999997,
    0.20251960999999988
  ]
}