{"best": {"ret": -0.064708, "dd": 0.3794533991260547}}