{
  "wfo_results": {
    "windows": 3,
    "avg_sharpe": 1.3500000000000003,
    "pe_std": 0.04714045207910316,
    "roe_std": 0.04714045207910318,
    "is_stable": 