{
  "timestamp": "2026-02-26T17:19:48.030553",
  "results": [
    {
      "period": 1,
      "train": "20180101-20181231",
      "test": "20190101-20191231",
      "result": {
        "annual": -0.39536561784776847,
        "total": -0.386856
      },
      "weights": {
        "ret_20": 1.029873012213889,
        "ret_60": 0.3172014147609375,
        "vol_20": -0.6931121846610484,
        "price_pos_20": 0.3144799838522707,
        "mom_accel": 0.1979889094336203
      }
    },
    {
      "period": 2,
      "train": "20190101-20191231",
      "test": "20200101-20201231",
      "result": {
        "annual": -0.13068458811764783,
        "total": -0.126811
      },
      "weights": {
        "ret_20": 0.957077377920713,
        "ret_60": 0.8273012720317345,
        "vol_20": -0.38510553732298747,
        "price_pos_20": 0.2186105344892714,
        "mom_accel": 0.294496479145675
      }
    },
    {
      "period": 3,
      "train": "20200101-20201231",
      "test": "20210101-20211231",
      "result": {
        "annual": 0.9208708362164413,
        "total": 0.881474
      },
      "weights": {
        "ret_20": 1.065867041267705,
        "ret_60": 0.9440532493248179,
        "vol_20": -0.8565018141645555,
        "price_pos_20": 0.21844027730148463,
        "mom_accel": 0.10388805499921641
      }
    }
  ],
  "summary": {
    "cagr": 0.002435227063549039,
    "total_return": 0.007323486624902342
  }
}