{
  "timestamp": "2026-02-26T11:55:05.345131",
  "results": [
    {
      "period": 1,
      "train": {
        "start": "20251201",
        "end": "20260131"
      },
      "test": {
        "start": "20260201",
        "end": "20260213"
      },
      "optimal_weights": {
        "ret_60": 1.2159645671365742,
        "price_pos_20": -1.56460039753338,
        "ret_20": 1.159916961025416,
        "ret_120": 1.6609928472223396,
        "rel_strength": -1.8413924086919629,
        "mom_accel": 0.14603590788184784,
        "price_pos_60": -1.7094028019370668,
        "money_flow": -1.906346516285217
      },
      "test_result": {
        "annual_return": 0,
        "max_drawdown": 0,
        "total_return": 0
      }
    }
  ]
}